Ticker,RSI,rsi_score,macd_score,bb_score,total_score,final_signal
ASIANPAINT.NS,27.36,1,1,0,2,STRONG BUY 🟢
BAJAJ-AUTO.NS,12.4,1,-1,1,1,WEAK BUY 🔵
DRREDDY.NS,50.33,0,1,0,1,WEAK BUY 🔵
SUNPHARMA.NS,27.63,1,-1,1,1,WEAK BUY 🔵
WIPRO.NS,45.59,0,1,0,1,WEAK BUY 🔵
TCS.NS,50.99,0,1,0,1,WEAK BUY 🔵
ULTRACEMCO.NS,43.59,0,1,0,1,WEAK BUY 🔵
ITC.NS,59.8,0,1,0,1,WEAK BUY 🔵
ICICIBANK.NS,49.4,0,1,0,1,WEAK BUY 🔵
INFY.NS,44.12,0,1,0,1,WEAK BUY 🔵
SBILIFE.NS,42.94,0,1,0,1,WEAK BUY 🔵
EICHERMOT.NS,24.83,1,-1,0,0,NEUTRAL ⚪
CIPLA.NS,24.54,1,-1,0,0,NEUTRAL ⚪
APOLLOHOSP.NS,17.16,1,-1,0,0,NEUTRAL ⚪
BRITANNIA.NS,20.07,1,-1,0,0,NEUTRAL ⚪
GRASIM.NS,21.73,1,-1,0,0,NEUTRAL ⚪
MARUTI.NS,27.24,1,-1,0,0,NEUTRAL ⚪
M&M.NS,16.72,1,-1,0,0,NEUTRAL ⚪
INDUSINDBK.NS,27.83,1,-1,0,0,NEUTRAL ⚪
HINDUNILVR.NS,25.63,1,-1,0,0,NEUTRAL ⚪
TRENT.NS,16.83,1,-1,0,0,NEUTRAL ⚪
HINDALCO.NS,27.21,1,-1,0,0,NEUTRAL ⚪
NESTLEIND.NS,22.5,1,-1,0,0,NEUTRAL ⚪
DIVISLAB.NS,36.02,0,-1,0,-1,WEAK SELL 🟡
HCLTECH.NS,30.85,0,-1,0,-1,WEAK SELL 🟡
BHARTIARTL.NS,45.55,0,-1,0,-1,WEAK SELL 🟡
ADANIENT.NS,44.07,0,-1,0,-1,WEAK SELL 🟡
ADANIPORTS.NS,52.05,0,-1,0,-1,WEAK SELL 🟡
COALINDIA.NS,56.56,0,-1,0,-1,WEAK SELL 🟡
AXISBANK.NS,47.47,0,-1,0,-1,WEAK SELL 🟡
BAJAJFINSV.NS,31.76,0,-1,0,-1,WEAK SELL 🟡
BAJFINANCE.NS,40.81,0,-1,0,-1,WEAK SELL 🟡
BEL.NS,36.53,0,-1,0,-1,WEAK SELL 🟡
HDFCLIFE.NS,46.36,0,-1,0,-1,WEAK SELL 🟡
NTPC.NS,43.71,0,-1,0,-1,WEAK SELL 🟡
JSWSTEEL.NS,34.36,0,-1,0,-1,WEAK SELL 🟡
KOTAKBANK.NS,57.28,0,-1,0,-1,WEAK SELL 🟡
LTM.NS,34.13,0,-1,0,-1,WEAK SELL 🟡
HDFCBANK.NS,37.37,0,-1,0,-1,WEAK SELL 🟡
HEROMOTOCO.NS,30.96,0,-1,0,-1,WEAK SELL 🟡
POWERGRID.NS,36.73,0,-1,0,-1,WEAK SELL 🟡
ONGC.NS,33.72,0,-1,0,-1,WEAK SELL 🟡
TATACONSUM.NS,31.04,0,-1,0,-1,WEAK SELL 🟡
SHRIRAMFIN.NS,42.55,0,-1,0,-1,WEAK SELL 🟡
SBIN.NS,32.15,0,-1,0,-1,WEAK SELL 🟡
RELIANCE.NS,36.44,0,-1,0,-1,WEAK SELL 🟡
TITAN.NS,30.56,0,-1,0,-1,WEAK SELL 🟡
TECHM.NS,45.82,0,-1,0,-1,WEAK SELL 🟡
TATASTEEL.NS,31.23,0,-1,0,-1,WEAK SELL 🟡
TMCV.NS,44.13,0,-1,0,-1,WEAK SELL 🟡
